{"cameraMode":{"drawMode":0,"name":"Shaded","section":"Shading Mode"},"sceneLighting":true,"audioPlay":false,"sceneViewState":{"showFog":true,"showMaterialUpdate":false,"showSkybox":true,"showFlares":true,"showImageEffects":true,"showParticleSystems":true,"showVisualEffectGraphs":true,"m_FxEnabled":true},"in2DMode":false,"pivot":{"x":2.4341065883636476,"y":-4.3255462646484379,"z":-9.066732406616211},"rotation":{"x":0.6002756953239441,"y":-0.00959696527570486,"z":0.0072035822086036209,"w":0.7997063994407654},"size":11.17643928527832,"orthographic":false}